{"A": 0.5630055247646113, "B": 0.07216926420017145, "fitted": true}