{"A": 0.6868986785484265, "B": 0.07742860922070453, "fitted": true}