{"a": 2.150946897271419, "b": -3.4444209337933698, "c": -2.617806303437199, "fitted": true}