{"a": 3.300052880839692, "b": -5.550740897656664, "c": -4.102185432971169, "fitted": true}