{
  "model_name": "moneyline",
  "best_method": "isotonic",
  "metrics": {
    "platt": {
      "ece": 0.06395677877565994,
      "mce": 0.15081227472850256,
      "brier_score": 0.23210299223592162,
      "log_loss": 0.6542751842902766,
      "reliability_diagram": {
        "mean_predicted_prob": [
          0.27113665334689313,
          0.37365140898360144,
          0.4542005915094066,
          0.5514604700635178,
          0.6418884793381807,
          0.7577591460091727,
          0.8247198532609379
        ],
        "fraction_of_positives": [
          0.3076923076923077,
          0.4666666666666667,
          0.46216216216216216,
          0.46464646464646464,
          0.601078167115903,
          0.9085714285714286,
          0.9411764705882353
        ]
      }
    },
    "isotonic": {
      "ece": 4.004446419126072e-08,
      "mce": 6.141084618604964e-08,
      "brier_score": 0.22064801114626573,
      "log_loss": NaN,
      "reliability_diagram": {
        "mean_predicted_prob": [
          0.2954545319080353,
          0.4515366548623881,
          0.5485714077949524,
          0.6888888875643412,
          0.780821927606243,
          0.8333333134651184,
          0.9436619882012757
        ],
        "fraction_of_positives": [
          0.29545454545454547,
          0.4515366430260047,
          0.5485714285714286,
          0.6888888888888889,
          0.7808219178082192,
          0.8333333333333334,
          0.9436619718309859
        ]
      }
    },
    "temperature": {
      "ece": 0.0594764753252037,
      "mce": 0.1623441554744791,
      "brier_score": 0.23220188055766539,
      "log_loss": 0.6548449853940528,
      "reliability_diagram": {
        "mean_predicted_prob": [
          0.25307924761658623,
          0.3620902492275721,
          0.45293790313202564,
          0.5527135758172899,
          0.6410093221801538,
          0.7569105251235251,
          0.8240720351537069
        ],
        "fraction_of_positives": [
          0.30952380952380953,
          0.4810126582278481,
          0.4409448818897638,
          0.5162907268170426,
          0.5942492012779552,
          0.9192546583850931,
          0.9333333333333333
        ]
      }
    },
    "beta": {
      "ece": 0.02619846203149652,
      "mce": 0.08584538726757218,
      "brier_score": 0.2254517044321295,
      "log_loss": 0.63684064752611,
      "reliability_diagram": {
        "mean_predicted_prob": [
          0.43891859341491996,
          0.5508088145044833,
          0.6420251625484704,
          0.748326720167603,
          0.8597767601472363,
          0.9295590594960229
        ],
        "fraction_of_positives": [
          0.4531059683313033,
          0.5344262295081967,
          0.5561797752808989,
          0.8045977011494253,
          0.8955223880597015,
          0.9444444444444444
        ]
      }
    },
    "shrinkage_beta": {
      "ece": 0.02343629397964968,
      "mce": 0.09386490125342006,
      "brier_score": 0.22562008918203935,
      "log_loss": 0.6372471615516913,
      "reliability_diagram": {
        "mean_predicted_prob": [
          0.4366744348535731,
          0.550324666058847,
          0.6417372416789522,
          0.7497336886116828,
          0.864573572793595,
          0.9232337814420467
        ],
        "fraction_of_positives": [
          0.4456654456654457,
          0.5486111111111112,
          0.5478723404255319,
          0.8085106382978723,
          0.9186046511627907,
          0.9315068493150684
        ]
      }
    },
    "shrinkage_platt": {
      "ece": 0.06764724715889577,
      "mce": 0.19590240716934204,
      "brier_score": 0.23264284015243583,
      "log_loss": 0.6557109073401267,
      "reliability_diagram": {
        "mean_predicted_prob": [
          0.27513247834784643,
          0.3706680608518196,
          0.4546214575102316,
          0.5525587663515327,
          0.643997091585429,
          0.7504396196250077,
          0.804097592830658
        ],
        "fraction_of_positives": [
          0.39285714285714285,
          0.4595959595959596,
          0.4558011049723757,
          0.46134020618556704,
          0.599476439790576,
          0.9120879120879121,
          1.0
        ]
      }
    },
    "favorite_longshot": {
      "ece": 0.012528336968482894,
      "mce": 0.07597750885227017,
      "brier_score": 0.22402875230563452,
      "log_loss": 0.6339165624902776,
      "reliability_diagram": {
        "mean_predicted_prob": [
          0.45228656402574713,
          0.5411911318604999,
          0.6404936378845282,
          0.7493922887683719,
          0.8537190281212107,
          0.9429619807573046
        ],
        "fraction_of_positives": [
          0.452914798206278,
          0.5567010309278351,
          0.5645161290322581,
          0.810126582278481,
          0.8536585365853658,
          0.9421487603305785
        ]
      }
    }
  },
  "saved_at": "2025-12-27T10:32:15.455678"
}