{
  "model_name": "prop_predictions",
  "best_method": "isotonic",
  "metrics": {
    "platt": {
      "ece": 0.016247386678206632,
      "mce": 0.01704312952498721,
      "brier_score": 0.23943836468435797,
      "log_loss": 0.6718967349542073,
      "reliability_diagram": {
        "mean_predicted_prob": [
          0.38365671515999117,
          0.4161984396422496
        ],
        "fraction_of_positives": [
          0.36813880126182963,
          0.4332415691672402
        ]
      }
    },
    "isotonic": {
      "ece": 3.63618140059918e-18,
      "mce": 2.220446049250313e-16,
      "brier_score": 0.23680416830110768,
      "log_loss": 0.666026133005237,
      "reliability_diagram": {
        "mean_predicted_prob": [
          0.0,
          0.3925375654229788,
          0.4838709677419359,
          0.8452380952380958
        ],
        "fraction_of_positives": [
          0.0,
          0.39253756542292756,
          0.4838709677419355,
          0.8452380952380952
        ]
      }
    },
    "temperature": {
      "ece": 0.10072416063199549,
      "mce": 0.4999999999999999,
      "brier_score": 0.25000000000000017,
      "log_loss": 0.6931471805599456,
      "reliability_diagram": {
        "mean_predicted_prob": [
          0.5,
          0.5000000000000001
        ],
        "fraction_of_positives": [
          0.725,
          0.397117296222664
        ]
      }
    },
    "beta": {
      "ece": 0.0402466754354095,
      "mce": 0.43976351409600195,
      "brier_score": 0.23735416392268047,
      "log_loss": 0.6676230563888194,
      "reliability_diagram": {
        "mean_predicted_prob": [
          0.3724321444876758,
          0.42311428342322094,
          0.5394871442119495,
          0.6397635140960021
        ],
        "fraction_of_positives": [
          0.39293032786885246,
          0.35478260869565215,
          0.6361556064073226,
          0.2
        ]
      }
    },
    "shrinkage_beta": {
      "ece": 0.012984617975015501,
      "mce": 0.012987294883948897,
      "brier_score": 0.23937757242782892,
      "log_loss": 0.6717831507347662,
      "reliability_diagram": {
        "mean_predicted_prob": [
          0.3811209652629167,
          0.4202542742832885
        ],
        "fraction_of_positives": [
          0.36813880126182963,
          0.4332415691672402
        ]
      }
    },
    "shrinkage_platt": {
      "ece": 0.012027555426406888,
      "mce": 0.013322666749259304,
      "brier_score": 0.23933447494527568,
      "log_loss": 0.6716828127466428,
      "reliability_diagram": {
        "mean_predicted_prob": [
          0.38262044627562763,
          0.41946421849664295
        ],
        "fraction_of_positives": [
          0.3716601621134794,
          0.43278688524590164
        ]
      }
    },
    "favorite_longshot": {
      "ece": 0.027584546868107542,
      "mce": 0.2914351238941343,
      "brier_score": 0.23712745126967866,
      "log_loss": 0.6671534054668932,
      "reliability_diagram": {
        "mean_predicted_prob": [
          0.36942946074530886,
          0.4232953228548476,
          0.5468526945683334,
          0.608564876105866
        ],
        "fraction_of_positives": [
          0.38153262929867315,
          0.37975334018499485,
          0.6167076167076168,
          0.9
        ]
      }
    }
  },
  "saved_at": "2025-12-25T20:09:18.058845"
}