{"A": -0.19526753231658509, "B": -0.21917283684143055, "fitted": true}