{"a": 2.2021484111725256, "b": -8.480050805602165, "c": -5.422112778545013, "fitted": true}