{"A": -0.27851248412836227, "B": -0.1867209978828143, "fitted": true}