{"a": -0.34879404137237147, "b": 0.16165048641311225, "c": -0.06634528472537612, "fitted": true}