{"a": 0.905196026346285, "b": -0.2826841772281835, "c": -0.32780046353378456, "fitted": true}