{"a": 1.2859082428461102, "b": -0.6761531993628417, "c": -0.6151649723192555, "fitted": true}