{"A": 0.9775037991233453, "B": -0.09310665251563102, "fitted": true}