{"A": 0.7812201925441875, "B": -0.09915781608638959, "fitted": true}