{
  "model_name": "spread",
  "best_method": "isotonic",
  "metrics": {
    "platt": {
      "ece": 0.029345778499583895,
      "mce": 0.09768259643683319,
      "brier_score": 0.2085355144879726,
      "log_loss": 0.60420804243043,
      "reliability_diagram": {
        "mean_predicted_prob": [
          0.1818486317619366,
          0.25483288033409,
          0.34839076918714096,
          0.453205332626254,
          0.5482059392922215,
          0.6496673811900385,
          0.749286787345427,
          0.840770347846821,
          0.9023174035631668
        ],
        "fraction_of_positives": [
          0.23684210526315788,
          0.23039215686274508,
          0.38333333333333336,
          0.46464646464646464,
          0.5082644628099173,
          0.684,
          0.7186311787072244,
          0.8604651162790697,
          1.0
        ]
      }
    },
    "isotonic": {
      "ece": 6.526504860522561e-18,
      "mce": 2.220446049250313e-16,
      "brier_score": 0.204091234700639,
      "log_loss": 0.5921460452376442,
      "reliability_diagram": {
        "mean_predicted_prob": [
          0.058823529411764684,
          0.23502304147465475,
          0.33093525179856154,
          0.4767441860465087,
          0.5333333333333333,
          0.6695652173913044,
          0.7884615384615379,
          0.8333333333333325,
          0.9642857142857147
        ],
        "fraction_of_positives": [
          0.058823529411764705,
          0.2350230414746544,
          0.33093525179856115,
          0.47674418604651164,
          0.5333333333333333,
          0.6695652173913044,
          0.7884615384615384,
          0.8333333333333334,
          0.9642857142857143
        ]
      }
    },
    "temperature": {
      "ece": 0.028741140534000568,
      "mce": 0.10461166875629228,
      "brier_score": 0.2089618697786204,
      "log_loss": 0.6051543117267552,
      "reliability_diagram": {
        "mean_predicted_prob": [
          0.18794500208962564,
          0.2556548204607189,
          0.3479374543163055,
          0.4580124662718158,
          0.5521178050152334,
          0.6512694651269259,
          0.7513783769739786,
          0.8416463798292126,
          0.9017969612807402
        ],
        "fraction_of_positives": [
          0.08333333333333333,
          0.24539877300613497,
          0.30952380952380953,
          0.4712041884816754,
          0.48523206751054854,
          0.6466165413533834,
          0.7194244604316546,
          0.8663101604278075,
          1.0
        ]
      }
    },
    "beta": {
      "ece": 0.03405747427393793,
      "mce": 0.04965857173100796,
      "brier_score": 0.2085247012972881,
      "log_loss": 0.604062047398076,
      "reliability_diagram": {
        "mean_predicted_prob": [
          0.18879652087435272,
          0.2568929484834558,
          0.34724647162457106,
          0.45236674731745474,
          0.5486832398322213,
          0.6503251578578794,
          0.7504782438621552,
          0.8419217647884994,
          0.9053877101809253
        ],
        "fraction_of_positives": [
          0.15,
          0.23148148148148148,
          0.38219895287958117,
          0.48148148148148145,
          0.5168067226890757,
          0.690677966101695,
          0.7008196721311475,
          0.8647058823529412,
          0.8823529411764706
        ]
      }
    },
    "shrinkage_beta": {
      "ece": 0.03709387335716878,
      "mce": 0.05274673853998113,
      "brier_score": 0.2087162876417286,
      "log_loss": 0.6046658636583008,
      "reliability_diagram": {
        "mean_predicted_prob": [
          0.19453127428544711,
          0.25687151155019927,
          0.34560884620607435,
          0.45156503032783857,
          0.548201283994527,
          0.6512042658627196,
          0.7524540519265621,
          0.8386420998087596
        ],
        "fraction_of_positives": [
          0.14285714285714285,
          0.23404255319148937,
          0.3865979381443299,
          0.4811320754716981,
          0.4954545454545455,
          0.690677966101695,
          0.708171206225681,
          0.8663101604278075
        ]
      }
    },
    "shrinkage_platt": {
      "ece": 0.03250276752608492,
      "mce": 0.05719082073652715,
      "brier_score": 0.20877503968344704,
      "log_loss": 0.6050016977733703,
      "reliability_diagram": {
        "mean_predicted_prob": [
          0.18605242250671614,
          0.25350973107900426,
          0.34682182302208403,
          0.45050397155930355,
          0.5479419993683737,
          0.6521910774176543,
          0.7529800388090339,
          0.8310500446877213
        ],
        "fraction_of_positives": [
          0.24324324324324326,
          0.22897196261682243,
          0.3930635838150289,
          0.46994535519125685,
          0.5041666666666667,
          0.6706349206349206,
          0.7218543046357616,
          0.8775510204081632
        ]
      }
    },
    "favorite_longshot": {
      "ece": 0.024864335565695214,
      "mce": 0.05098996294193325,
      "brier_score": 0.2083257685128201,
      "log_loss": 0.6036957145666073,
      "reliability_diagram": {
        "mean_predicted_prob": [
          0.1766274956323381,
          0.2536469400766142,
          0.34820525762237764,
          0.46364354349711284,
          0.5451022134970672,
          0.6503357338165819,
          0.7514119038702037,
          0.8429314609346951,
          0.9057848479873947
        ],
        "fraction_of_positives": [
          0.2,
          0.23118279569892472,
          0.36645962732919257,
          0.47101449275362317,
          0.53125,
          0.6899563318777293,
          0.70042194092827,
          0.864406779661017,
          0.9230769230769231
        ]
      }
    }
  },
  "saved_at": "2025-12-27T10:32:15.723720"
}