{
  "xgboost": {
    "n_estimators": 295,
    "max_depth": 5,
    "learning_rate": 0.022318657435731824,
    "min_child_weight": 4,
    "subsample": 0.7206920135539004,
    "colsample_bytree": 0.7615538704724729,
    "reg_alpha": 0.40762996145061037,
    "reg_lambda": 8.244139600670435
  },
  "random_forest": {
    "n_estimators": 325,
    "max_depth": 14,
    "min_samples_split": 18,
    "min_samples_leaf": 9,
    "max_features": "sqrt"
  },
  "ridge": {
    "alpha": 99.31901475257159
  }
}